{
  "backprop" : true,
  "backpropType" : "Standard",
  "cacheMode" : "NONE",
  "defaultConfiguration" : {
    "cacheMode" : "NONE",
    "iterationCount" : 0,
    "l1ByParam" : { },
    "l2ByParam" : { },
    "layer" : null,
    "leakyreluAlpha" : 0.0,
    "learningRateByParam" : { },
    "learningRatePolicy" : "None",
    "lrPolicyDecayRate" : "NaN",
    "lrPolicyPower" : "NaN",
    "lrPolicySteps" : "NaN",
    "maxNumLineSearchIterations" : 5,
    "miniBatch" : true,
    "minimize" : true,
    "numIterations" : 1,
    "optimizationAlgo" : "STOCHASTIC_GRADIENT_DESCENT",
    "pretrain" : false,
    "seed" : 1234,
    "stepFunction" : null,
    "useDropConnect" : false,
    "useRegularization" : false,
    "variables" : [ "encoder_W", "encoder_RW", "encoder_b", "decoder_W", "decoder_RW", "decoder_b", "output_W", "output_b" ]
  },
  "inferenceWorkspaceMode" : "SEPARATE",
  "iterationCount" : 0,
  "networkInputs" : [ "additionIn", "sumOut" ],
  "networkOutputs" : [ "output" ],
  "pretrain" : false,
  "tbpttBackLength" : 20,
  "tbpttFwdLength" : 20,
  "trainingWorkspaceMode" : "NONE",
  "vertexInputs" : {
    "encoder" : [ "additionIn" ],
    "lastTimeStep" : [ "encoder" ],
    "duplicateTimeStep" : [ "lastTimeStep" ],
    "decoder-merge" : [ "sumOut", "duplicateTimeStep" ],
    "decoder" : [ "decoder-merge" ],
    "output" : [ "decoder" ]
  },
  "vertices" : {
    "encoder" : {
      "LayerVertex" : {
        "layerConf" : {
          "cacheMode" : "NONE",
          "iterationCount" : 0,
          "l1ByParam" : {
            "b" : 0.0,
            "RW" : 0.0,
            "W" : 0.0
          },
          "l2ByParam" : {
            "b" : 0.0,
            "RW" : 0.0,
            "W" : 0.0
          },
          "layer" : {
            "gravesLSTM" : {
              "activationFn" : {
                "SoftSign" : { }
              },
              "adamMeanDecay" : 0.9,
              "adamVarDecay" : 0.999,
              "biasInit" : 0.0,
              "biasLearningRate" : 0.25,
              "dist" : null,
              "dropOut" : 0.0,
              "epsilon" : 1.0E-8,
              "forgetGateBiasInit" : 1.0,
              "gateActivationFn" : {
                "Sigmoid" : { }
              },
              "gradientNormalization" : "None",
              "gradientNormalizationThreshold" : 1.0,
              "iupdater" : {
                "@class" : "org.nd4j.linalg.learning.config.Adam",
                "beta1" : 0.9,
                "beta2" : 0.999,
                "epsilon" : 1.0E-8,
                "learningRate" : 0.25
              },
              "l1" : 0.0,
              "l1Bias" : 0.0,
              "l2" : 0.0,
              "l2Bias" : 0.0,
              "layerName" : "encoder",
              "learningRate" : 0.25,
              "learningRateSchedule" : null,
              "momentum" : "NaN",
              "momentumSchedule" : null,
              "nin" : 14,
              "nout" : 128,
              "rho" : "NaN",
              "rmsDecay" : "NaN",
              "updater" : "ADAM",
              "weightInit" : "XAVIER"
            }
          },
          "leakyreluAlpha" : 0.0,
          "learningRateByParam" : {
            "b" : 0.25,
            "RW" : 0.25,
            "W" : 0.25
          },
          "learningRatePolicy" : "None",
          "lrPolicyDecayRate" : "NaN",
          "lrPolicyPower" : "NaN",
          "lrPolicySteps" : "NaN",
          "maxNumLineSearchIterations" : 5,
          "miniBatch" : true,
          "minimize" : true,
          "numIterations" : 1,
          "optimizationAlgo" : "STOCHASTIC_GRADIENT_DESCENT",
          "pretrain" : false,
          "seed" : 1234,
          "stepFunction" : null,
          "useDropConnect" : false,
          "useRegularization" : false,
          "variables" : [ "W", "RW", "b" ]
        },
        "outputVertex" : false,
        "preProcessor" : null
      }
    },
    "lastTimeStep" : {
      "LastTimeStepVertex" : {
        "maskArrayInputName" : "additionIn"
      }
    },
    "duplicateTimeStep" : {
      "DuplicateToTimeSeriesVertex" : {
        "inputName" : "sumOut"
      }
    },
    "decoder" : {
      "LayerVertex" : {
        "layerConf" : {
          "cacheMode" : "NONE",
          "iterationCount" : 0,
          "l1ByParam" : {
            "b" : 0.0,
            "RW" : 0.0,
            "W" : 0.0
          },
          "l2ByParam" : {
            "b" : 0.0,
            "RW" : 0.0,
            "W" : 0.0
          },
          "layer" : {
            "gravesLSTM" : {
              "activationFn" : {
                "SoftSign" : { }
              },
              "adamMeanDecay" : 0.9,
              "adamVarDecay" : 0.999,
              "biasInit" : 0.0,
              "biasLearningRate" : 0.25,
              "dist" : null,
              "dropOut" : 0.0,
              "epsilon" : 1.0E-8,
              "forgetGateBiasInit" : 1.0,
              "gateActivationFn" : {
                "Sigmoid" : { }
              },
              "gradientNormalization" : "None",
              "gradientNormalizationThreshold" : 1.0,
              "iupdater" : {
                "@class" : "org.nd4j.linalg.learning.config.Adam",
                "beta1" : 0.9,
                "beta2" : 0.999,
                "epsilon" : 1.0E-8,
                "learningRate" : 0.25
              },
              "l1" : 0.0,
              "l1Bias" : 0.0,
              "l2" : 0.0,
              "l2Bias" : 0.0,
              "layerName" : "decoder",
              "learningRate" : 0.25,
              "learningRateSchedule" : null,
              "momentum" : "NaN",
              "momentumSchedule" : null,
              "nin" : 142,
              "nout" : 128,
              "rho" : "NaN",
              "rmsDecay" : "NaN",
              "updater" : "ADAM",
              "weightInit" : "XAVIER"
            }
          },
          "leakyreluAlpha" : 0.0,
          "learningRateByParam" : {
            "b" : 0.25,
            "RW" : 0.25,
            "W" : 0.25
          },
          "learningRatePolicy" : "None",
          "lrPolicyDecayRate" : "NaN",
          "lrPolicyPower" : "NaN",
          "lrPolicySteps" : "NaN",
          "maxNumLineSearchIterations" : 5,
          "miniBatch" : true,
          "minimize" : true,
          "numIterations" : 1,
          "optimizationAlgo" : "STOCHASTIC_GRADIENT_DESCENT",
          "pretrain" : false,
          "seed" : 1234,
          "stepFunction" : null,
          "useDropConnect" : false,
          "useRegularization" : false,
          "variables" : [ "W", "RW", "b" ]
        },
        "outputVertex" : false,
        "preProcessor" : null
      }
    },
    "decoder-merge" : {
      "MergeVertex" : { }
    },
    "output" : {
      "LayerVertex" : {
        "layerConf" : {
          "cacheMode" : "NONE",
          "iterationCount" : 0,
          "l1ByParam" : {
            "b" : 0.0,
            "W" : 0.0
          },
          "l2ByParam" : {
            "b" : 0.0,
            "W" : 0.0
          },
          "layer" : {
            "rnnoutput" : {
              "activationFn" : {
                "Softmax" : { }
              },
              "adamMeanDecay" : 0.9,
              "adamVarDecay" : 0.999,
              "biasInit" : 0.0,
              "biasLearningRate" : 0.25,
              "dist" : null,
              "dropOut" : 0.0,
              "epsilon" : 1.0E-8,
              "gradientNormalization" : "None",
              "gradientNormalizationThreshold" : 1.0,
              "iupdater" : {
                "@class" : "org.nd4j.linalg.learning.config.Adam",
                "beta1" : 0.9,
                "beta2" : 0.999,
                "epsilon" : 1.0E-8,
                "learningRate" : 0.25
              },
              "l1" : 0.0,
              "l1Bias" : 0.0,
              "l2" : 0.0,
              "l2Bias" : 0.0,
              "layerName" : "output",
              "learningRate" : 0.25,
              "learningRateSchedule" : null,
              "lossFn" : {
                "MCXENT" : {
                  "softmaxClipEps" : 1.0E-10
                }
              },
              "lossFunction" : "MCXENT",
              "momentum" : "NaN",
              "momentumSchedule" : null,
              "nin" : 128,
              "nout" : 14,
              "rho" : "NaN",
              "rmsDecay" : "NaN",
              "updater" : "ADAM",
              "weightInit" : "XAVIER"
            }
          },
          "leakyreluAlpha" : 0.0,
          "learningRateByParam" : {
            "b" : 0.25,
            "W" : 0.25
          },
          "learningRatePolicy" : "None",
          "lrPolicyDecayRate" : "NaN",
          "lrPolicyPower" : "NaN",
          "lrPolicySteps" : "NaN",
          "maxNumLineSearchIterations" : 5,
          "miniBatch" : true,
          "minimize" : true,
          "numIterations" : 1,
          "optimizationAlgo" : "STOCHASTIC_GRADIENT_DESCENT",
          "pretrain" : false,
          "seed" : 1234,
          "stepFunction" : null,
          "useDropConnect" : false,
          "useRegularization" : false,
          "variables" : [ "W", "b" ]
        },
        "outputVertex" : false,
        "preProcessor" : null
      }
    }
  }
}